{
  "version": 1,
  "appVersion": "0.2.2",
  "notes": [
    {
      "id": "bab8b294-920a-4bbf-9bc6-3c5ea1e1fcb3",
      "title": "Zettelkasten",
      "nodeType": "Kasten",
      "parentId": null,
      "position": 1,
      "createdAt": 1772082528,
      "modifiedAt": 1772082534,
      "createdBy": 0,
      "modifiedBy": 0,
      "fields": {},
      "isExpanded": true,
      "tags": []
    },
    {
      "id": "9ea6cd25-61ab-48f7-9019-b8e7da17a355",
      "title": "2026-02-26 — A Zettelkasten (German: 'slipbox', plural Zettelkästen) …",
      "nodeType": "Zettel",
      "parentId": "bab8b294-920a-4bbf-9bc6-3c5ea1e1fcb3",
      "position": 0,
      "createdAt": 1772082558,
      "modifiedAt": 1772083757,
      "createdBy": 0,
      "modifiedBy": 0,
      "fields": {
        "body": {
          "Text": "A Zettelkasten (German: 'slipbox', plural Zettelkästen) or card file consists of small items of information stored on Zetteln (German: 'slips'; singular: Zettel), paper slips or cards, that may be linked to each other through subject headings or other metadata such as numbers and tags. It has often been used as a system of note-taking and personal knowledge management for research, study, and writing.\n\nIn the 1980s, the card file began to be used as metaphor in the interface of some hypertextual personal knowledge base software applications such as NoteCards. In the 1990s, such software inspired the invention of wikis.\n\n(https://en.wikipedia.org/wiki/Zettelkasten)"
        }
      },
      "isExpanded": true,
      "tags": [
        "info",
        "notes",
        "system"
      ]
    },
    {
      "id": "e689ce38-64a6-4d76-beea-0b02e85dafe8",
      "title": "2026-02-26 — Metadata (or metainformation) is data that …",
      "nodeType": "Zettel",
      "parentId": "bab8b294-920a-4bbf-9bc6-3c5ea1e1fcb3",
      "position": 0,
      "createdAt": 1772083653,
      "modifiedAt": 1772083732,
      "createdBy": 0,
      "modifiedBy": 0,
      "fields": {
        "body": {
          "Text": "Metadata (or metainformation) is data that defines and describes the characteristics of other data. It often helps to describe, explain, locate, or otherwise make data easier to retrieve, use, or manage. For example, the title, author, and publication date of a book are metadata about the book. But, while a data asset is finite, its metadata is infinite.\n\nAs such, efforts to define, classify types, or structure metadata are expressed as examples in the context of its use. The term \"metadata\" has a history dating to the 1960s where it occurred in computer science and in popular culture. Different types of metadata serve different functions. For example, descriptive metadata for a document might include the author, creation date, file size and keywords.\n\n(https://en.wikipedia.org/wiki/Metadata)"
        }
      },
      "isExpanded": true,
      "tags": [
        "data",
        "info",
        "structure"
      ]
    },
    {
      "id": "fa6ae8e5-aa32-43d9-a95a-4d719cb3d81f",
      "title": "2026-02-26 — Types of Metadata\n\nThere are many distinct …",
      "nodeType": "Zettel",
      "parentId": "bab8b294-920a-4bbf-9bc6-3c5ea1e1fcb3",
      "position": 0,
      "createdAt": 1772083890,
      "modifiedAt": 1772084859,
      "createdBy": 0,
      "modifiedBy": 0,
      "fields": {
        "body": {
          "Text": "# Types of Metadata\n\nThere are many distinct types of metadata, including:\n\n**Descriptive metadata** – the descriptive information about a resource. It is used for discovery and identification. It includes elements such as title, abstract, author, and keywords.\n\n**Structural metadata**  – metadata about containers of data and indicates how compound objects are put together, for example, how pages are ordered to form chapters. It describes the types, versions, relationships, and other characteristics of digital materials.\n\n**Administrative metadata** – the information to help manage a resource, like resource type, and permissions, and when and how it was created.\n\n**Reference metadata** – the information about the contents and quality of statistical data.\n\n**Statistical metadata** – also called process data, may describe processes that collect, process, or produce statistical data.\n\n**Legal metadata** – provides information about the creator, copyright holder, and public licensing, if provided.\nMetadata is not strictly bound to one of these categories, as it can describe a piece of data in many other ways.\n\n<https://en.wikipedia.org/wiki/Metadata>"
        }
      },
      "isExpanded": true,
      "tags": [
        "data",
        "system"
      ]
    },
    {
      "id": "1bff64e5-79fb-4175-9451-7e1926728c03",
      "title": "2026-02-26 — NoteCards was a hypertext-based personal knowledge …",
      "nodeType": "Zettel",
      "parentId": "bab8b294-920a-4bbf-9bc6-3c5ea1e1fcb3",
      "position": 1,
      "createdAt": 1772082655,
      "modifiedAt": 1772083745,
      "createdBy": 0,
      "modifiedBy": 0,
      "fields": {
        "body": {
          "Text": "NoteCards was a hypertext-based personal knowledge base system developed at Xerox PARC by Randall Trigg, Frank Halasz and Thomas Moran in 1984. NoteCards was developed after Trigg's pioneering 1983 Ph.D. thesis on hypertext while at the University of Maryland College Park.\n\nNoteCards was built to model four basic kinds of objects: notecards, links, browser card, and a filebox. Each window is an analog of a cue card; window sizes may vary, but contents cannot scroll. Local and global maps are available through browsers. There are over 40 different nodes which support various media.\n\n(https://en.wikipedia.org/wiki/NoteCards)"
        }
      },
      "isExpanded": true,
      "tags": [
        "applications",
        "notes"
      ]
    }
  ]
}